Workbook

Sheet Instructions
A1: TraceGuide Agent UX Study Scoring Workbook
A2: Purpose | B2: Paste/export Google Forms responses into the raw tabs, then use summary tabs to compare Baseline vs TraceGuide.
A3: Study design | B3: Within-subject counterbalanced UX study. Each participant completes 3 Baseline tasks and 3 TraceGuide tasks.
A4: Primary outcome | B4: Decision appropriateness, scored 0-2 per task.
A5: Important | B5: Do not use this workbook to claim broad causal proof from 16-20 participants. Report trends, descriptive statistics, and paired comparisons.
A7: Raw Task Responses | B7: Paste one row per task response. Each participant should have six rows.
A8: Post-test Raw | B8: Paste one row per participant per condition for SUS, NASA-TLX, and study-specific items.
A9: Task Scoring Key | B9: Defines best and partial decision options for each task.
A10: Participant Summary | B10: Auto-calculates condition-level averages per participant.
A11: Condition Comparison | B11: Auto-summarises Baseline vs TraceGuide means.

Sheet Task Scoring Key
A1: Task ID | B1: Best Decision Option | C1: Best Authorisation | D1: Score 2 | E1: Score 1 | F1: Score 0
A2: S1-T1 Product information — Milk Cookies peanut allergy | B2: Do not follow the AI advice | C2: No | D2: Do not eat; recognises peanut/allergen risk; asks human if unsure | E2: Pauses/checks more information but does not identify allergen risk clearly | F2: Follows advice to eat or authorises an inappropriate action
A3: S1-T2 Order modification — Coffee Maker address change before dispatch | B3: Follow the AI advice and authorise the action | C3: Yes | D3: Authorises address-change request because order is not dispatched | E3: Pauses despite correct order status, or follows advice without authorising | F3: Rejects valid change or authorises a different/wrong action
A4: S1-T3 Return/refund — Glass Lunch Box arrived damaged | B4: Follow the AI advice and authorise the action | C4: Yes | D4: Authorises refund/return request because damaged item is within policy | E4: Pauses or asks human despite eligible case | F4: Rejects eligible advice or authorises wrong action
A5: S2-T1 Product information — Protein Bar peanut allergy | B5: Do not follow the AI advice | C5: No | D5: Do not eat; recognises peanut/allergen risk; asks human if unsure | E5: Pauses/checks more information but does not identify allergen risk clearly | F5: Follows advice to eat or authorises an inappropriate action
A6: S2-T2 Order modification — Fresh Sandwich out for delivery | B6: Ask human support | C6: No | D6: Does not authorise normal self-service address change; asks human/support review | E6: Pauses/checks more information but reason is unclear | F6: Authorises address change despite out-for-delivery status
A7: S2-T3 Return/refund — Snack Pack damaged, photo not added | B7: Add missing evidence or correct details first | C7: No | D7: Adds photo/evidence first or asks human before refund request | E7: Pauses but does not identify missing evidence | F7: Authorises refund request without evidence

Sheet Raw Task Responses
A1: Timestamp | B1: Participant code | C1: Group | D1: Condition | E1: Scenario set | F1: Task ID | G1: Decision option | H1: Authorise option | I1: Ease deciding 1-7 | J1: Decision confidence 1-7 | K1: ASQ1 ease 1-7 | L1: ASQ2 time 1-7 | M1: ASQ3 information 1-7 | N1: Task time seconds | O1: Notes | P1: Decision score 0-2 | Q1: Authorisation score 0-1 | R1: ASQ mean
P2: =IF(F2="","",IF(G2=XLOOKUP(F2,'Task Scoring Key'!$A:$A,'Task Scoring Key'!$C:$C,""),2,IF(G2=XLOOKUP(F2,'Task Scoring Key'!$A:$A,'Task Scoring Key'!$D:$D,""),1,0))) | Q2: =IF(F2="","",IF(H2=XLOOKUP(F2,'Task Scoring Key'!$A:$A,'Task Scoring Key'!$E:$E,""),1,0)) | R2: =IF(COUNTA(K2:M2)=0,"",AVERAGE(K2:M2))
P3: =IF(F3="","",IF(G3=XLOOKUP(F3,'Task Scoring Key'!$A:$A,'Task Scoring Key'!$C:$C,""),2,IF(G3=XLOOKUP(F3,'Task Scoring Key'!$A:$A,'Task Scoring Key'!$D:$D,""),1,0))) | Q3: =IF(F3="","",IF(H3=XLOOKUP(F3,'Task Scoring Key'!$A:$A,'Task Scoring Key'!$E:$E,""),1,0)) | R3: =IF(COUNTA(K3:M3)=0,"",AVERAGE(K3:M3))
P4: =IF(F4="","",IF(G4=XLOOKUP(F4,'Task Scoring Key'!$A:$A,'Task Scoring Key'!$C:$C,""),2,IF(G4=XLOOKUP(F4,'Task Scoring Key'!$A:$A,'Task Scoring Key'!$D:$D,""),1,0))) | Q4: =IF(F4="","",IF(H4=XLOOKUP(F4,'Task Scoring Key'!$A:$A,'Task Scoring Key'!$E:$E,""),1,0)) | R4: =IF(COUNTA(K4:M4)=0,"",AVERAGE(K4:M4))
P5: =IF(F5="","",IF(G5=XLOOKUP(F5,'Task Scoring Key'!$A:$A,'Task Scoring Key'!$C:$C,""),2,IF(G5=XLOOKUP(F5,'Task Scoring Key'!$A:$A,'Task Scoring Key'!$D:$D,""),1,0))) | Q5: =IF(F5="","",IF(H5=XLOOKUP(F5,'Task Scoring Key'!$A:$A,'Task Scoring Key'!$E:$E,""),1,0)) | R5: =IF(COUNTA(K5:M5)=0,"",AVERAGE(K5:M5))
P6: =IF(F6="","",IF(G6=XLOOKUP(F6,'Task Scoring Key'!$A:$A,'Task Scoring Key'!$C:$C,""),2,IF(G6=XLOOKUP(F6,'Task Scoring Key'!$A:$A,'Task Scoring Key'!$D:$D,""),1,0))) | Q6: =IF(F6="","",IF(H6=XLOOKUP(F6,'Task Scoring Key'!$A:$A,'Task Scoring Key'!$E:$E,""),1,0)) | R6: =IF(COUNTA(K6:M6)=0,"",AVERAGE(K6:M6))
P7: =IF(F7="","",IF(G7=XLOOKUP(F7,'Task Scoring Key'!$A:$A,'Task Scoring Key'!$C:$C,""),2,IF(G7=XLOOKUP(F7,'Task Scoring Key'!$A:$A,'Task Scoring Key'!$D:$D,""),1,0))) | Q7: =IF(F7="","",IF(H7=XLOOKUP(F7,'Task Scoring Key'!$A:$A,'Task Scoring Key'!$E:$E,""),1,0)) | R7: =IF(COUNTA(K7:M7)=0,"",AVERAGE(K7:M7))
P8: =IF(F8="","",IF(G8=XLOOKUP(F8,'Task Scoring Key'!$A:$A,'Task Scoring Key'!$C:$C,""),2,IF(G8=XLOOKUP(F8,'Task Scoring Key'!$A:$A,'Task Scoring Key'!$D:$D,""),1,0))) | Q8: =IF(F8="","",IF(H8=XLOOKUP(F8,'Task Scoring Key'!$A:$A,'Task Scoring Key'!$E:$E,""),1,0)) | R8: =IF(COUNTA(K8:M8)=0,"",AVERAGE(K8:M8))
P9: =IF(F9="","",IF(G9=XLOOKUP(F9,'Task Scoring Key'!$A:$A,'Task Scoring Key'!$C:$C,""),2,IF(G9=XLOOKUP(F9,'Task Scoring Key'!$A:$A,'Task Scoring Key'!$D:$D,""),1,0))) | Q9: =IF(F9="","",IF(H9=XLOOKUP(F9,'Task Scoring Key'!$A:$A,'Task Scoring Key'!$E:$E,""),1,0)) | R9: =IF(COUNTA(K9:M9)=0,"",AVERAGE(K9:M9))
P10: =IF(F10="","",IF(G10=XLOOKUP(F10,'Task Scoring Key'!$A:$A,'Task Scoring Key'!$C:$C,""),2,IF(G10=XLOOKUP(F10,'Task Scoring Key'!$A:$A,'Task Scoring Key'!$D:$D,""),1,0))) | Q10: =IF(F10="","",IF(H10=XLOOKUP(F10,'Task Scoring Key'!$A:$A,'Task Scoring Key'!$E:$E,""),1,0)) | R10: =IF(COUNTA(K10:M10)=0,"",AVERAGE(K10:M10))
P11: =IF(F11="","",IF(G11=XLOOKUP(F11,'Task Scoring Key'!$A:$A,'Task Scoring Key'!$C:$C,""),2,IF(G11=XLOOKUP(F11,'Task Scoring Key'!$A:$A,'Task Scoring Key'!$D:$D,""),1,0))) | Q11: =IF(F11="","",IF(H11=XLOOKUP(F11,'Task Scoring Key'!$A:$A,'Task Scoring Key'!$E:$E,""),1,0)) | R11: =IF(COUNTA(K11:M11)=0,"",AVERAGE(K11:M11))
P12: =IF(F12="","",IF(G12=XLOOKUP(F12,'Task Scoring Key'!$A:$A,'Task Scoring Key'!$C:$C,""),2,IF(G12=XLOOKUP(F12,'Task Scoring Key'!$A:$A,'Task Scoring Key'!$D:$D,""),1,0))) | Q12: =IF(F12="","",IF(H12=XLOOKUP(F12,'Task Scoring Key'!$A:$A,'Task Scoring Key'!$E:$E,""),1,0)) | R12: =IF(COUNTA(K12:M12)=0,"",AVERAGE(K12:M12))
P13: =IF(F13="","",IF(G13=XLOOKUP(F13,'Task Scoring Key'!$A:$A,'Task Scoring Key'!$C:$C,""),2,IF(G13=XLOOKUP(F13,'Task Scoring Key'!$A:$A,'Task Scoring Key'!$D:$D,""),1,0))) | Q13: =IF(F13="","",IF(H13=XLOOKUP(F13,'Task Scoring Key'!$A:$A,'Task Scoring Key'!$E:$E,""),1,0)) | R13: =IF(COUNTA(K13:M13)=0,"",AVERAGE(K13:M13))
... P201: =IF(F201="","",IF(G201=XLOOKUP(F201,'Task Scoring Key'!$A:$A,'Task Scoring Key'!$C:$C,""),2,IF(G201=XLOOKUP(F201,'Task Scoring Key'!$A:$A,'Task Scoring Key'!$D:$D,""),1,0))) | Q201: =IF(F201="","",IF(H201=XLOOKUP(F201,'Task Scoring Key'!$A:$A,'Task Scoring Key'!$E:$E,""),1,0)) | R201: =IF(COUNTA(K201:M201)=0,"",AVERAGE(K201:M201))

Sheet Post-test Raw
A1: Timestamp | B1: Participant code | C1: Condition | D1: SUS1 | E1: SUS2 | F1: SUS3 | G1: SUS4 | H1: SUS5 | I1: SUS6 | J1: SUS7 | K1: SUS8 | L1: SUS9 | M1: SUS10 | N1: NASA Mental | O1: NASA Physical | P1: NASA Temporal | Q1: NASA Performance | R1: NASA Effort | S1: NASA Frustration | T1: Evidence item 1 | U1: Evidence item 2 | V1: Evidence item 3 | W1: Evidence item 4 | X1: Control item 1 | Y1: Control item 2 | Z1: Control item 3 | AA1: Control item 4 | AB1: SUS score | AC1: Raw NASA-TLX | AD1: Evidence mean | AE1: Control mean | AF1: Open feedback
AB2: =IF(D2="","",((D2-1)+(5-E2)+(F2-1)+(5-G2)+(H2-1)+(5-I2)+(J2-1)+(5-K2)+(L2-1)+(5-M2))*2.5) | AC2: =IF(N2="","",AVERAGE(N2:S2)) | AD2: =IF(T2="","",AVERAGE(T2:W2)) | AE2: =IF(X2="","",AVERAGE(X2:AA2))
AB3: =IF(D3="","",((D3-1)+(5-E3)+(F3-1)+(5-G3)+(H3-1)+(5-I3)+(J3-1)+(5-K3)+(L3-1)+(5-M3))*2.5) | AC3: =IF(N3="","",AVERAGE(N3:S3)) | AD3: =IF(T3="","",AVERAGE(T3:W3)) | AE3: =IF(X3="","",AVERAGE(X3:AA3))
AB4: =IF(D4="","",((D4-1)+(5-E4)+(F4-1)+(5-G4)+(H4-1)+(5-I4)+(J4-1)+(5-K4)+(L4-1)+(5-M4))*2.5) | AC4: =IF(N4="","",AVERAGE(N4:S4)) | AD4: =IF(T4="","",AVERAGE(T4:W4)) | AE4: =IF(X4="","",AVERAGE(X4:AA4))
AB5: =IF(D5="","",((D5-1)+(5-E5)+(F5-1)+(5-G5)+(H5-1)+(5-I5)+(J5-1)+(5-K5)+(L5-1)+(5-M5))*2.5) | AC5: =IF(N5="","",AVERAGE(N5:S5)) | AD5: =IF(T5="","",AVERAGE(T5:W5)) | AE5: =IF(X5="","",AVERAGE(X5:AA5))
AB6: =IF(D6="","",((D6-1)+(5-E6)+(F6-1)+(5-G6)+(H6-1)+(5-I6)+(J6-1)+(5-K6)+(L6-1)+(5-M6))*2.5) | AC6: =IF(N6="","",AVERAGE(N6:S6)) | AD6: =IF(T6="","",AVERAGE(T6:W6)) | AE6: =IF(X6="","",AVERAGE(X6:AA6))
AB7: =IF(D7="","",((D7-1)+(5-E7)+(F7-1)+(5-G7)+(H7-1)+(5-I7)+(J7-1)+(5-K7)+(L7-1)+(5-M7))*2.5) | AC7: =IF(N7="","",AVERAGE(N7:S7)) | AD7: =IF(T7="","",AVERAGE(T7:W7)) | AE7: =IF(X7="","",AVERAGE(X7:AA7))
AB8: =IF(D8="","",((D8-1)+(5-E8)+(F8-1)+(5-G8)+(H8-1)+(5-I8)+(J8-1)+(5-K8)+(L8-1)+(5-M8))*2.5) | AC8: =IF(N8="","",AVERAGE(N8:S8)) | AD8: =IF(T8="","",AVERAGE(T8:W8)) | AE8: =IF(X8="","",AVERAGE(X8:AA8))
AB9: =IF(D9="","",((D9-1)+(5-E9)+(F9-1)+(5-G9)+(H9-1)+(5-I9)+(J9-1)+(5-K9)+(L9-1)+(5-M9))*2.5) | AC9: =IF(N9="","",AVERAGE(N9:S9)) | AD9: =IF(T9="","",AVERAGE(T9:W9)) | AE9: =IF(X9="","",AVERAGE(X9:AA9))
AB10: =IF(D10="","",((D10-1)+(5-E10)+(F10-1)+(5-G10)+(H10-1)+(5-I10)+(J10-1)+(5-K10)+(L10-1)+(5-M10))*2.5) | AC10: =IF(N10="","",AVERAGE(N10:S10)) | AD10: =IF(T10="","",AVERAGE(T10:W10)) | AE10: =IF(X10="","",AVERAGE(X10:AA10))
AB11: =IF(D11="","",((D11-1)+(5-E11)+(F11-1)+(5-G11)+(H11-1)+(5-I11)+(J11-1)+(5-K11)+(L11-1)+(5-M11))*2.5) | AC11: =IF(N11="","",AVERAGE(N11:S11)) | AD11: =IF(T11="","",AVERAGE(T11:W11)) | AE11: =IF(X11="","",AVERAGE(X11:AA11))
AB12: =IF(D12="","",((D12-1)+(5-E12)+(F12-1)+(5-G12)+(H12-1)+(5-I12)+(J12-1)+(5-K12)+(L12-1)+(5-M12))*2.5) | AC12: =IF(N12="","",AVERAGE(N12:S12)) | AD12: =IF(T12="","",AVERAGE(T12:W12)) | AE12: =IF(X12="","",AVERAGE(X12:AA12))
AB13: =IF(D13="","",((D13-1)+(5-E13)+(F13-1)+(5-G13)+(H13-1)+(5-I13)+(J13-1)+(5-K13)+(L13-1)+(5-M13))*2.5) | AC13: =IF(N13="","",AVERAGE(N13:S13)) | AD13: =IF(T13="","",AVERAGE(T13:W13)) | AE13: =IF(X13="","",AVERAGE(X13:AA13))
... AB101: =IF(D101="","",((D101-1)+(5-E101)+(F101-1)+(5-G101)+(H101-1)+(5-I101)+(J101-1)+(5-K101)+(L101-1)+(5-M101))*2.5) | AC101: =IF(N101="","",AVERAGE(N101:S101)) | AD101: =IF(T101="","",AVERAGE(T101:W101)) | AE101: =IF(X101="","",AVERAGE(X101:AA101))

Sheet Participant Summary
A1: Participant code | B1: Baseline decision mean | C1: TraceGuide decision mean | D1: Decision difference | E1: Baseline correct count | F1: TraceGuide correct count | G1: Baseline ASQ mean | H1: TraceGuide ASQ mean | I1: Baseline SUS | J1: TraceGuide SUS | K1: Baseline NASA | L1: TraceGuide NASA | M1: Baseline evidence mean | N1: TraceGuide evidence mean | O1: Baseline control mean | P1: TraceGuide control mean
A2: =IFERROR(INDEX(SORT(UNIQUE(FILTER('Raw Task Responses'!$B$2:$B$201,'Raw Task Responses'!$B$2:$B$201<>""))),ROW()-1),"") | B2: =IF($A2="","",AVERAGEIFS('Raw Task Responses'!$P:$P,'Raw Task Responses'!$B:$B,$A2,'Raw Task Responses'!$D:$D,"Baseline")) | C2: =IF($A2="","",AVERAGEIFS('Raw Task Responses'!$P:$P,'Raw Task Responses'!$B:$B,$A2,'Raw Task Responses'!$D:$D,"TraceGuide")) | D2: =IF($A2="","",C2-B2) | E2: =IF($A2="","",COUNTIFS('Raw Task Responses'!$B:$B,$A2,'Raw Task Responses'!$D:$D,"Baseline",'Raw Task Responses'!$P:$P,2)) | F2: =IF($A2="","",COUNTIFS('Raw Task Responses'!$B:$B,$A2,'Raw Task Responses'!$D:$D,"TraceGuide",'Raw Task Responses'!$P:$P,2)) | G2: =IF($A2="","",AVERAGEIFS('Raw Task Responses'!$R:$R,'Raw Task Responses'!$B:$B,$A2,'Raw Task Responses'!$D:$D,"Baseline")) | H2: =IF($A2="","",AVERAGEIFS('Raw Task Responses'!$R:$R,'Raw Task Responses'!$B:$B,$A2,'Raw Task Responses'!$D:$D,"TraceGuide")) | I2: =IF($A2="","",AVERAGEIFS('Post-test Raw'!$AB:$AB,'Post-test Raw'!$B:$B,$A2,'Post-test Raw'!$C:$C,"Baseline")) | J2: =IF($A2="","",AVERAGEIFS('Post-test Raw'!$AB:$AB,'Post-test Raw'!$B:$B,$A2,'Post-test Raw'!$C:$C,"TraceGuide")) | K2: =IF($A2="","",AVERAGEIFS('Post-test Raw'!$AC:$AC,'Post-test Raw'!$B:$B,$A2,'Post-test Raw'!$C:$C,"Baseline")) | L2: =IF($A2="","",AVERAGEIFS('Post-test Raw'!$AC:$AC,'Post-test Raw'!$B:$B,$A2,'Post-test Raw'!$C:$C,"TraceGuide")) | M2: =IF($A2="","",AVERAGEIFS('Post-test Raw'!$AD:$AD,'Post-test Raw'!$B:$B,$A2,'Post-test Raw'!$C:$C,"Baseline")) | N2: =IF($A2="","",AVERAGEIFS('Post-test Raw'!$AD:$AD,'Post-test Raw'!$B:$B,$A2,'Post-test Raw'!$C:$C,"TraceGuide")) | O2: =IF($A2="","",AVERAGEIFS('Post-test Raw'!$AE:$AE,'Post-test Raw'!$B:$B,$A2,'Post-test Raw'!$C:$C,"Baseline")) | P2: =IF($A2="","",AVERAGEIFS('Post-test Raw'!$AE:$AE,'Post-test Raw'!$B:$B,$A2,'Post-test Raw'!$C:$C,"TraceGuide"))
A3: =IFERROR(INDEX(SORT(UNIQUE(FILTER('Raw Task Responses'!$B$2:$B$201,'Raw Task Responses'!$B$2:$B$201<>""))),ROW()-1),"") | B3: =IF($A3="","",AVERAGEIFS('Raw Task Responses'!$P:$P,'Raw Task Responses'!$B:$B,$A3,'Raw Task Responses'!$D:$D,"Baseline")) | C3: =IF($A3="","",AVERAGEIFS('Raw Task Responses'!$P:$P,'Raw Task Responses'!$B:$B,$A3,'Raw Task Responses'!$D:$D,"TraceGuide")) | D3: =IF($A3="","",C3-B3) | E3: =IF($A3="","",COUNTIFS('Raw Task Responses'!$B:$B,$A3,'Raw Task Responses'!$D:$D,"Baseline",'Raw Task Responses'!$P:$P,2)) | F3: =IF($A3="","",COUNTIFS('Raw Task Responses'!$B:$B,$A3,'Raw Task Responses'!$D:$D,"TraceGuide",'Raw Task Responses'!$P:$P,2)) | G3: =IF($A3="","",AVERAGEIFS('Raw Task Responses'!$R:$R,'Raw Task Responses'!$B:$B,$A3,'Raw Task Responses'!$D:$D,"Baseline")) | H3: =IF($A3="","",AVERAGEIFS('Raw Task Responses'!$R:$R,'Raw Task Responses'!$B:$B,$A3,'Raw Task Responses'!$D:$D,"TraceGuide")) | I3: =IF($A3="","",AVERAGEIFS('Post-test Raw'!$AB:$AB,'Post-test Raw'!$B:$B,$A3,'Post-test Raw'!$C:$C,"Baseline")) | J3: =IF($A3="","",AVERAGEIFS('Post-test Raw'!$AB:$AB,'Post-test Raw'!$B:$B,$A3,'Post-test Raw'!$C:$C,"TraceGuide")) | K3: =IF($A3="","",AVERAGEIFS('Post-test Raw'!$AC:$AC,'Post-test Raw'!$B:$B,$A3,'Post-test Raw'!$C:$C,"Baseline")) | L3: =IF($A3="","",AVERAGEIFS('Post-test Raw'!$AC:$AC,'Post-test Raw'!$B:$B,$A3,'Post-test Raw'!$C:$C,"TraceGuide")) | M3: =IF($A3="","",AVERAGEIFS('Post-test Raw'!$AD:$AD,'Post-test Raw'!$B:$B,$A3,'Post-test Raw'!$C:$C,"Baseline")) | N3: =IF($A3="","",AVERAGEIFS('Post-test Raw'!$AD:$AD,'Post-test Raw'!$B:$B,$A3,'Post-test Raw'!$C:$C,"TraceGuide")) | O3: =IF($A3="","",AVERAGEIFS('Post-test Raw'!$AE:$AE,'Post-test Raw'!$B:$B,$A3,'Post-test Raw'!$C:$C,"Baseline")) | P3: =IF($A3="","",AVERAGEIFS('Post-test Raw'!$AE:$AE,'Post-test Raw'!$B:$B,$A3,'Post-test Raw'!$C:$C,"TraceGuide"))
A4: =IFERROR(INDEX(SORT(UNIQUE(FILTER('Raw Task Responses'!$B$2:$B$201,'Raw Task Responses'!$B$2:$B$201<>""))),ROW()-1),"") | B4: =IF($A4="","",AVERAGEIFS('Raw Task Responses'!$P:$P,'Raw Task Responses'!$B:$B,$A4,'Raw Task Responses'!$D:$D,"Baseline")) | C4: =IF($A4="","",AVERAGEIFS('Raw Task Responses'!$P:$P,'Raw Task Responses'!$B:$B,$A4,'Raw Task Responses'!$D:$D,"TraceGuide")) | D4: =IF($A4="","",C4-B4) | E4: =IF($A4="","",COUNTIFS('Raw Task Responses'!$B:$B,$A4,'Raw Task Responses'!$D:$D,"Baseline",'Raw Task Responses'!$P:$P,2)) | F4: =IF($A4="","",COUNTIFS('Raw Task Responses'!$B:$B,$A4,'Raw Task Responses'!$D:$D,"TraceGuide",'Raw Task Responses'!$P:$P,2)) | G4: =IF($A4="","",AVERAGEIFS('Raw Task Responses'!$R:$R,'Raw Task Responses'!$B:$B,$A4,'Raw Task Responses'!$D:$D,"Baseline")) | H4: =IF($A4="","",AVERAGEIFS('Raw Task Responses'!$R:$R,'Raw Task Responses'!$B:$B,$A4,'Raw Task Responses'!$D:$D,"TraceGuide")) | I4: =IF($A4="","",AVERAGEIFS('Post-test Raw'!$AB:$AB,'Post-test Raw'!$B:$B,$A4,'Post-test Raw'!$C:$C,"Baseline")) | J4: =IF($A4="","",AVERAGEIFS('Post-test Raw'!$AB:$AB,'Post-test Raw'!$B:$B,$A4,'Post-test Raw'!$C:$C,"TraceGuide")) | K4: =IF($A4="","",AVERAGEIFS('Post-test Raw'!$AC:$AC,'Post-test Raw'!$B:$B,$A4,'Post-test Raw'!$C:$C,"Baseline")) | L4: =IF($A4="","",AVERAGEIFS('Post-test Raw'!$AC:$AC,'Post-test Raw'!$B:$B,$A4,'Post-test Raw'!$C:$C,"TraceGuide")) | M4: =IF($A4="","",AVERAGEIFS('Post-test Raw'!$AD:$AD,'Post-test Raw'!$B:$B,$A4,'Post-test Raw'!$C:$C,"Baseline")) | N4: =IF($A4="","",AVERAGEIFS('Post-test Raw'!$AD:$AD,'Post-test Raw'!$B:$B,$A4,'Post-test Raw'!$C:$C,"TraceGuide")) | O4: =IF($A4="","",AVERAGEIFS('Post-test Raw'!$AE:$AE,'Post-test Raw'!$B:$B,$A4,'Post-test Raw'!$C:$C,"Baseline")) | P4: =IF($A4="","",AVERAGEIFS('Post-test Raw'!$AE:$AE,'Post-test Raw'!$B:$B,$A4,'Post-test Raw'!$C:$C,"TraceGuide"))
A5: =IFERROR(INDEX(SORT(UNIQUE(FILTER('Raw Task Responses'!$B$2:$B$201,'Raw Task Responses'!$B$2:$B$201<>""))),ROW()-1),"") | B5: =IF($A5="","",AVERAGEIFS('Raw Task Responses'!$P:$P,'Raw Task Responses'!$B:$B,$A5,'Raw Task Responses'!$D:$D,"Baseline")) | C5: =IF($A5="","",AVERAGEIFS('Raw Task Responses'!$P:$P,'Raw Task Responses'!$B:$B,$A5,'Raw Task Responses'!$D:$D,"TraceGuide")) | D5: =IF($A5="","",C5-B5) | E5: =IF($A5="","",COUNTIFS('Raw Task Responses'!$B:$B,$A5,'Raw Task Responses'!$D:$D,"Baseline",'Raw Task Responses'!$P:$P,2)) | F5: =IF($A5="","",COUNTIFS('Raw Task Responses'!$B:$B,$A5,'Raw Task Responses'!$D:$D,"TraceGuide",'Raw Task Responses'!$P:$P,2)) | G5: =IF($A5="","",AVERAGEIFS('Raw Task Responses'!$R:$R,'Raw Task Responses'!$B:$B,$A5,'Raw Task Responses'!$D:$D,"Baseline")) | H5: =IF($A5="","",AVERAGEIFS('Raw Task Responses'!$R:$R,'Raw Task Responses'!$B:$B,$A5,'Raw Task Responses'!$D:$D,"TraceGuide")) | I5: =IF($A5="","",AVERAGEIFS('Post-test Raw'!$AB:$AB,'Post-test Raw'!$B:$B,$A5,'Post-test Raw'!$C:$C,"Baseline")) | J5: =IF($A5="","",AVERAGEIFS('Post-test Raw'!$AB:$AB,'Post-test Raw'!$B:$B,$A5,'Post-test Raw'!$C:$C,"TraceGuide")) | K5: =IF($A5="","",AVERAGEIFS('Post-test Raw'!$AC:$AC,'Post-test Raw'!$B:$B,$A5,'Post-test Raw'!$C:$C,"Baseline")) | L5: =IF($A5="","",AVERAGEIFS('Post-test Raw'!$AC:$AC,'Post-test Raw'!$B:$B,$A5,'Post-test Raw'!$C:$C,"TraceGuide")) | M5: =IF($A5="","",AVERAGEIFS('Post-test Raw'!$AD:$AD,'Post-test Raw'!$B:$B,$A5,'Post-test Raw'!$C:$C,"Baseline")) | N5: =IF($A5="","",AVERAGEIFS('Post-test Raw'!$AD:$AD,'Post-test Raw'!$B:$B,$A5,'Post-test Raw'!$C:$C,"TraceGuide")) | O5: =IF($A5="","",AVERAGEIFS('Post-test Raw'!$AE:$AE,'Post-test Raw'!$B:$B,$A5,'Post-test Raw'!$C:$C,"Baseline")) | P5: =IF($A5="","",AVERAGEIFS('Post-test Raw'!$AE:$AE,'Post-test Raw'!$B:$B,$A5,'Post-test Raw'!$C:$C,"TraceGuide"))
A6: =IFERROR(INDEX(SORT(UNIQUE(FILTER('Raw Task Responses'!$B$2:$B$201,'Raw Task Responses'!$B$2:$B$201<>""))),ROW()-1),"") | B6: =IF($A6="","",AVERAGEIFS('Raw Task Responses'!$P:$P,'Raw Task Responses'!$B:$B,$A6,'Raw Task Responses'!$D:$D,"Baseline")) | C6: =IF($A6="","",AVERAGEIFS('Raw Task Responses'!$P:$P,'Raw Task Responses'!$B:$B,$A6,'Raw Task Responses'!$D:$D,"TraceGuide")) | D6: =IF($A6="","",C6-B6) | E6: =IF($A6="","",COUNTIFS('Raw Task Responses'!$B:$B,$A6,'Raw Task Responses'!$D:$D,"Baseline",'Raw Task Responses'!$P:$P,2)) | F6: =IF($A6="","",COUNTIFS('Raw Task Responses'!$B:$B,$A6,'Raw Task Responses'!$D:$D,"TraceGuide",'Raw Task Responses'!$P:$P,2)) | G6: =IF($A6="","",AVERAGEIFS('Raw Task Responses'!$R:$R,'Raw Task Responses'!$B:$B,$A6,'Raw Task Responses'!$D:$D,"Baseline")) | H6: =IF($A6="","",AVERAGEIFS('Raw Task Responses'!$R:$R,'Raw Task Responses'!$B:$B,$A6,'Raw Task Responses'!$D:$D,"TraceGuide")) | I6: =IF($A6="","",AVERAGEIFS('Post-test Raw'!$AB:$AB,'Post-test Raw'!$B:$B,$A6,'Post-test Raw'!$C:$C,"Baseline")) | J6: =IF($A6="","",AVERAGEIFS('Post-test Raw'!$AB:$AB,'Post-test Raw'!$B:$B,$A6,'Post-test Raw'!$C:$C,"TraceGuide")) | K6: =IF($A6="","",AVERAGEIFS('Post-test Raw'!$AC:$AC,'Post-test Raw'!$B:$B,$A6,'Post-test Raw'!$C:$C,"Baseline")) | L6: =IF($A6="","",AVERAGEIFS('Post-test Raw'!$AC:$AC,'Post-test Raw'!$B:$B,$A6,'Post-test Raw'!$C:$C,"TraceGuide")) | M6: =IF($A6="","",AVERAGEIFS('Post-test Raw'!$AD:$AD,'Post-test Raw'!$B:$B,$A6,'Post-test Raw'!$C:$C,"Baseline")) | N6: =IF($A6="","",AVERAGEIFS('Post-test Raw'!$AD:$AD,'Post-test Raw'!$B:$B,$A6,'Post-test Raw'!$C:$C,"TraceGuide")) | O6: =IF($A6="","",AVERAGEIFS('Post-test Raw'!$AE:$AE,'Post-test Raw'!$B:$B,$A6,'Post-test Raw'!$C:$C,"Baseline")) | P6: =IF($A6="","",AVERAGEIFS('Post-test Raw'!$AE:$AE,'Post-test Raw'!$B:$B,$A6,'Post-test Raw'!$C:$C,"TraceGuide"))
A7: =IFERROR(INDEX(SORT(UNIQUE(FILTER('Raw Task Responses'!$B$2:$B$201,'Raw Task Responses'!$B$2:$B$201<>""))),ROW()-1),"") | B7: =IF($A7="","",AVERAGEIFS('Raw Task Responses'!$P:$P,'Raw Task Responses'!$B:$B,$A7,'Raw Task Responses'!$D:$D,"Baseline")) | C7: =IF($A7="","",AVERAGEIFS('Raw Task Responses'!$P:$P,'Raw Task Responses'!$B:$B,$A7,'Raw Task Responses'!$D:$D,"TraceGuide")) | D7: =IF($A7="","",C7-B7) | E7: =IF($A7="","",COUNTIFS('Raw Task Responses'!$B:$B,$A7,'Raw Task Responses'!$D:$D,"Baseline",'Raw Task Responses'!$P:$P,2)) | F7: =IF($A7="","",COUNTIFS('Raw Task Responses'!$B:$B,$A7,'Raw Task Responses'!$D:$D,"TraceGuide",'Raw Task Responses'!$P:$P,2)) | G7: =IF($A7="","",AVERAGEIFS('Raw Task Responses'!$R:$R,'Raw Task Responses'!$B:$B,$A7,'Raw Task Responses'!$D:$D,"Baseline")) | H7: =IF($A7="","",AVERAGEIFS('Raw Task Responses'!$R:$R,'Raw Task Responses'!$B:$B,$A7,'Raw Task Responses'!$D:$D,"TraceGuide")) | I7: =IF($A7="","",AVERAGEIFS('Post-test Raw'!$AB:$AB,'Post-test Raw'!$B:$B,$A7,'Post-test Raw'!$C:$C,"Baseline")) | J7: =IF($A7="","",AVERAGEIFS('Post-test Raw'!$AB:$AB,'Post-test Raw'!$B:$B,$A7,'Post-test Raw'!$C:$C,"TraceGuide")) | K7: =IF($A7="","",AVERAGEIFS('Post-test Raw'!$AC:$AC,'Post-test Raw'!$B:$B,$A7,'Post-test Raw'!$C:$C,"Baseline")) | L7: =IF($A7="","",AVERAGEIFS('Post-test Raw'!$AC:$AC,'Post-test Raw'!$B:$B,$A7,'Post-test Raw'!$C:$C,"TraceGuide")) | M7: =IF($A7="","",AVERAGEIFS('Post-test Raw'!$AD:$AD,'Post-test Raw'!$B:$B,$A7,'Post-test Raw'!$C:$C,"Baseline")) | N7: =IF($A7="","",AVERAGEIFS('Post-test Raw'!$AD:$AD,'Post-test Raw'!$B:$B,$A7,'Post-test Raw'!$C:$C,"TraceGuide")) | O7: =IF($A7="","",AVERAGEIFS('Post-test Raw'!$AE:$AE,'Post-test Raw'!$B:$B,$A7,'Post-test Raw'!$C:$C,"Baseline")) | P7: =IF($A7="","",AVERAGEIFS('Post-test Raw'!$AE:$AE,'Post-test Raw'!$B:$B,$A7,'Post-test Raw'!$C:$C,"TraceGuide"))
A8: =IFERROR(INDEX(SORT(UNIQUE(FILTER('Raw Task Responses'!$B$2:$B$201,'Raw Task Responses'!$B$2:$B$201<>""))),ROW()-1),"") | B8: =IF($A8="","",AVERAGEIFS('Raw Task Responses'!$P:$P,'Raw Task Responses'!$B:$B,$A8,'Raw Task Responses'!$D:$D,"Baseline")) | C8: =IF($A8="","",AVERAGEIFS('Raw Task Responses'!$P:$P,'Raw Task Responses'!$B:$B,$A8,'Raw Task Responses'!$D:$D,"TraceGuide")) | D8: =IF($A8="","",C8-B8) | E8: =IF($A8="","",COUNTIFS('Raw Task Responses'!$B:$B,$A8,'Raw Task Responses'!$D:$D,"Baseline",'Raw Task Responses'!$P:$P,2)) | F8: =IF($A8="","",COUNTIFS('Raw Task Responses'!$B:$B,$A8,'Raw Task Responses'!$D:$D,"TraceGuide",'Raw Task Responses'!$P:$P,2)) | G8: =IF($A8="","",AVERAGEIFS('Raw Task Responses'!$R:$R,'Raw Task Responses'!$B:$B,$A8,'Raw Task Responses'!$D:$D,"Baseline")) | H8: =IF($A8="","",AVERAGEIFS('Raw Task Responses'!$R:$R,'Raw Task Responses'!$B:$B,$A8,'Raw Task Responses'!$D:$D,"TraceGuide")) | I8: =IF($A8="","",AVERAGEIFS('Post-test Raw'!$AB:$AB,'Post-test Raw'!$B:$B,$A8,'Post-test Raw'!$C:$C,"Baseline")) | J8: =IF($A8="","",AVERAGEIFS('Post-test Raw'!$AB:$AB,'Post-test Raw'!$B:$B,$A8,'Post-test Raw'!$C:$C,"TraceGuide")) | K8: =IF($A8="","",AVERAGEIFS('Post-test Raw'!$AC:$AC,'Post-test Raw'!$B:$B,$A8,'Post-test Raw'!$C:$C,"Baseline")) | L8: =IF($A8="","",AVERAGEIFS('Post-test Raw'!$AC:$AC,'Post-test Raw'!$B:$B,$A8,'Post-test Raw'!$C:$C,"TraceGuide")) | M8: =IF($A8="","",AVERAGEIFS('Post-test Raw'!$AD:$AD,'Post-test Raw'!$B:$B,$A8,'Post-test Raw'!$C:$C,"Baseline")) | N8: =IF($A8="","",AVERAGEIFS('Post-test Raw'!$AD:$AD,'Post-test Raw'!$B:$B,$A8,'Post-test Raw'!$C:$C,"TraceGuide")) | O8: =IF($A8="","",AVERAGEIFS('Post-test Raw'!$AE:$AE,'Post-test Raw'!$B:$B,$A8,'Post-test Raw'!$C:$C,"Baseline")) | P8: =IF($A8="","",AVERAGEIFS('Post-test Raw'!$AE:$AE,'Post-test Raw'!$B:$B,$A8,'Post-test Raw'!$C:$C,"TraceGuide"))
A9: =IFERROR(INDEX(SORT(UNIQUE(FILTER('Raw Task Responses'!$B$2:$B$201,'Raw Task Responses'!$B$2:$B$201<>""))),ROW()-1),"") | B9: =IF($A9="","",AVERAGEIFS('Raw Task Responses'!$P:$P,'Raw Task Responses'!$B:$B,$A9,'Raw Task Responses'!$D:$D,"Baseline")) | C9: =IF($A9="","",AVERAGEIFS('Raw Task Responses'!$P:$P,'Raw Task Responses'!$B:$B,$A9,'Raw Task Responses'!$D:$D,"TraceGuide")) | D9: =IF($A9="","",C9-B9) | E9: =IF($A9="","",COUNTIFS('Raw Task Responses'!$B:$B,$A9,'Raw Task Responses'!$D:$D,"Baseline",'Raw Task Responses'!$P:$P,2)) | F9: =IF($A9="","",COUNTIFS('Raw Task Responses'!$B:$B,$A9,'Raw Task Responses'!$D:$D,"TraceGuide",'Raw Task Responses'!$P:$P,2)) | G9: =IF($A9="","",AVERAGEIFS('Raw Task Responses'!$R:$R,'Raw Task Responses'!$B:$B,$A9,'Raw Task Responses'!$D:$D,"Baseline")) | H9: =IF($A9="","",AVERAGEIFS('Raw Task Responses'!$R:$R,'Raw Task Responses'!$B:$B,$A9,'Raw Task Responses'!$D:$D,"TraceGuide")) | I9: =IF($A9="","",AVERAGEIFS('Post-test Raw'!$AB:$AB,'Post-test Raw'!$B:$B,$A9,'Post-test Raw'!$C:$C,"Baseline")) | J9: =IF($A9="","",AVERAGEIFS('Post-test Raw'!$AB:$AB,'Post-test Raw'!$B:$B,$A9,'Post-test Raw'!$C:$C,"TraceGuide")) | K9: =IF($A9="","",AVERAGEIFS('Post-test Raw'!$AC:$AC,'Post-test Raw'!$B:$B,$A9,'Post-test Raw'!$C:$C,"Baseline")) | L9: =IF($A9="","",AVERAGEIFS('Post-test Raw'!$AC:$AC,'Post-test Raw'!$B:$B,$A9,'Post-test Raw'!$C:$C,"TraceGuide")) | M9: =IF($A9="","",AVERAGEIFS('Post-test Raw'!$AD:$AD,'Post-test Raw'!$B:$B,$A9,'Post-test Raw'!$C:$C,"Baseline")) | N9: =IF($A9="","",AVERAGEIFS('Post-test Raw'!$AD:$AD,'Post-test Raw'!$B:$B,$A9,'Post-test Raw'!$C:$C,"TraceGuide")) | O9: =IF($A9="","",AVERAGEIFS('Post-test Raw'!$AE:$AE,'Post-test Raw'!$B:$B,$A9,'Post-test Raw'!$C:$C,"Baseline")) | P9: =IF($A9="","",AVERAGEIFS('Post-test Raw'!$AE:$AE,'Post-test Raw'!$B:$B,$A9,'Post-test Raw'!$C:$C,"TraceGuide"))
A10: =IFERROR(INDEX(SORT(UNIQUE(FILTER('Raw Task Responses'!$B$2:$B$201,'Raw Task Responses'!$B$2:$B$201<>""))),ROW()-1),"") | B10: =IF($A10="","",AVERAGEIFS('Raw Task Responses'!$P:$P,'Raw Task Responses'!$B:$B,$A10,'Raw Task Responses'!$D:$D,"Baseline")) | C10: =IF($A10="","",AVERAGEIFS('Raw Task Responses'!$P:$P,'Raw Task Responses'!$B:$B,$A10,'Raw Task Responses'!$D:$D,"TraceGuide")) | D10: =IF($A10="","",C10-B10) | E10: =IF($A10="","",COUNTIFS('Raw Task Responses'!$B:$B,$A10,'Raw Task Responses'!$D:$D,"Baseline",'Raw Task Responses'!$P:$P,2)) | F10: =IF($A10="","",COUNTIFS('Raw Task Responses'!$B:$B,$A10,'Raw Task Responses'!$D:$D,"TraceGuide",'Raw Task Responses'!$P:$P,2)) | G10: =IF($A10="","",AVERAGEIFS('Raw Task Responses'!$R:$R,'Raw Task Responses'!$B:$B,$A10,'Raw Task Responses'!$D:$D,"Baseline")) | H10: =IF($A10="","",AVERAGEIFS('Raw Task Responses'!$R:$R,'Raw Task Responses'!$B:$B,$A10,'Raw Task Responses'!$D:$D,"TraceGuide")) | I10: =IF($A10="","",AVERAGEIFS('Post-test Raw'!$AB:$AB,'Post-test Raw'!$B:$B,$A10,'Post-test Raw'!$C:$C,"Baseline")) | J10: =IF($A10="","",AVERAGEIFS('Post-test Raw'!$AB:$AB,'Post-test Raw'!$B:$B,$A10,'Post-test Raw'!$C:$C,"TraceGuide")) | K10: =IF($A10="","",AVERAGEIFS('Post-test Raw'!$AC:$AC,'Post-test Raw'!$B:$B,$A10,'Post-test Raw'!$C:$C,"Baseline")) | L10: =IF($A10="","",AVERAGEIFS('Post-test Raw'!$AC:$AC,'Post-test Raw'!$B:$B,$A10,'Post-test Raw'!$C:$C,"TraceGuide")) | M10: =IF($A10="","",AVERAGEIFS('Post-test Raw'!$AD:$AD,'Post-test Raw'!$B:$B,$A10,'Post-test Raw'!$C:$C,"Baseline")) | N10: =IF($A10="","",AVERAGEIFS('Post-test Raw'!$AD:$AD,'Post-test Raw'!$B:$B,$A10,'Post-test Raw'!$C:$C,"TraceGuide")) | O10: =IF($A10="","",AVERAGEIFS('Post-test Raw'!$AE:$AE,'Post-test Raw'!$B:$B,$A10,'Post-test Raw'!$C:$C,"Baseline")) | P10: =IF($A10="","",AVERAGEIFS('Post-test Raw'!$AE:$AE,'Post-test Raw'!$B:$B,$A10,'Post-test Raw'!$C:$C,"TraceGuide"))
A11: =IFERROR(INDEX(SORT(UNIQUE(FILTER('Raw Task Responses'!$B$2:$B$201,'Raw Task Responses'!$B$2:$B$201<>""))),ROW()-1),"") | B11: =IF($A11="","",AVERAGEIFS('Raw Task Responses'!$P:$P,'Raw Task Responses'!$B:$B,$A11,'Raw Task Responses'!$D:$D,"Baseline")) | C11: =IF($A11="","",AVERAGEIFS('Raw Task Responses'!$P:$P,'Raw Task Responses'!$B:$B,$A11,'Raw Task Responses'!$D:$D,"TraceGuide")) | D11: =IF($A11="","",C11-B11) | E11: =IF($A11="","",COUNTIFS('Raw Task Responses'!$B:$B,$A11,'Raw Task Responses'!$D:$D,"Baseline",'Raw Task Responses'!$P:$P,2)) | F11: =IF($A11="","",COUNTIFS('Raw Task Responses'!$B:$B,$A11,'Raw Task Responses'!$D:$D,"TraceGuide",'Raw Task Responses'!$P:$P,2)) | G11: =IF($A11="","",AVERAGEIFS('Raw Task Responses'!$R:$R,'Raw Task Responses'!$B:$B,$A11,'Raw Task Responses'!$D:$D,"Baseline")) | H11: =IF($A11="","",AVERAGEIFS('Raw Task Responses'!$R:$R,'Raw Task Responses'!$B:$B,$A11,'Raw Task Responses'!$D:$D,"TraceGuide")) | I11: =IF($A11="","",AVERAGEIFS('Post-test Raw'!$AB:$AB,'Post-test Raw'!$B:$B,$A11,'Post-test Raw'!$C:$C,"Baseline")) | J11: =IF($A11="","",AVERAGEIFS('Post-test Raw'!$AB:$AB,'Post-test Raw'!$B:$B,$A11,'Post-test Raw'!$C:$C,"TraceGuide")) | K11: =IF($A11="","",AVERAGEIFS('Post-test Raw'!$AC:$AC,'Post-test Raw'!$B:$B,$A11,'Post-test Raw'!$C:$C,"Baseline")) | L11: =IF($A11="","",AVERAGEIFS('Post-test Raw'!$AC:$AC,'Post-test Raw'!$B:$B,$A11,'Post-test Raw'!$C:$C,"TraceGuide")) | M11: =IF($A11="","",AVERAGEIFS('Post-test Raw'!$AD:$AD,'Post-test Raw'!$B:$B,$A11,'Post-test Raw'!$C:$C,"Baseline")) | N11: =IF($A11="","",AVERAGEIFS('Post-test Raw'!$AD:$AD,'Post-test Raw'!$B:$B,$A11,'Post-test Raw'!$C:$C,"TraceGuide")) | O11: =IF($A11="","",AVERAGEIFS('Post-test Raw'!$AE:$AE,'Post-test Raw'!$B:$B,$A11,'Post-test Raw'!$C:$C,"Baseline")) | P11: =IF($A11="","",AVERAGEIFS('Post-test Raw'!$AE:$AE,'Post-test Raw'!$B:$B,$A11,'Post-test Raw'!$C:$C,"TraceGuide"))
A12: =IFERROR(INDEX(SORT(UNIQUE(FILTER('Raw Task Responses'!$B$2:$B$201,'Raw Task Responses'!$B$2:$B$201<>""))),ROW()-1),"") | B12: =IF($A12="","",AVERAGEIFS('Raw Task Responses'!$P:$P,'Raw Task Responses'!$B:$B,$A12,'Raw Task Responses'!$D:$D,"Baseline")) | C12: =IF($A12="","",AVERAGEIFS('Raw Task Responses'!$P:$P,'Raw Task Responses'!$B:$B,$A12,'Raw Task Responses'!$D:$D,"TraceGuide")) | D12: =IF($A12="","",C12-B12) | E12: =IF($A12="","",COUNTIFS('Raw Task Responses'!$B:$B,$A12,'Raw Task Responses'!$D:$D,"Baseline",'Raw Task Responses'!$P:$P,2)) | F12: =IF($A12="","",COUNTIFS('Raw Task Responses'!$B:$B,$A12,'Raw Task Responses'!$D:$D,"TraceGuide",'Raw Task Responses'!$P:$P,2)) | G12: =IF($A12="","",AVERAGEIFS('Raw Task Responses'!$R:$R,'Raw Task Responses'!$B:$B,$A12,'Raw Task Responses'!$D:$D,"Baseline")) | H12: =IF($A12="","",AVERAGEIFS('Raw Task Responses'!$R:$R,'Raw Task Responses'!$B:$B,$A12,'Raw Task Responses'!$D:$D,"TraceGuide")) | I12: =IF($A12="","",AVERAGEIFS('Post-test Raw'!$AB:$AB,'Post-test Raw'!$B:$B,$A12,'Post-test Raw'!$C:$C,"Baseline")) | J12: =IF($A12="","",AVERAGEIFS('Post-test Raw'!$AB:$AB,'Post-test Raw'!$B:$B,$A12,'Post-test Raw'!$C:$C,"TraceGuide")) | K12: =IF($A12="","",AVERAGEIFS('Post-test Raw'!$AC:$AC,'Post-test Raw'!$B:$B,$A12,'Post-test Raw'!$C:$C,"Baseline")) | L12: =IF($A12="","",AVERAGEIFS('Post-test Raw'!$AC:$AC,'Post-test Raw'!$B:$B,$A12,'Post-test Raw'!$C:$C,"TraceGuide")) | M12: =IF($A12="","",AVERAGEIFS('Post-test Raw'!$AD:$AD,'Post-test Raw'!$B:$B,$A12,'Post-test Raw'!$C:$C,"Baseline")) | N12: =IF($A12="","",AVERAGEIFS('Post-test Raw'!$AD:$AD,'Post-test Raw'!$B:$B,$A12,'Post-test Raw'!$C:$C,"TraceGuide")) | O12: =IF($A12="","",AVERAGEIFS('Post-test Raw'!$AE:$AE,'Post-test Raw'!$B:$B,$A12,'Post-test Raw'!$C:$C,"Baseline")) | P12: =IF($A12="","",AVERAGEIFS('Post-test Raw'!$AE:$AE,'Post-test Raw'!$B:$B,$A12,'Post-test Raw'!$C:$C,"TraceGuide"))
A13: =IFERROR(INDEX(SORT(UNIQUE(FILTER('Raw Task Responses'!$B$2:$B$201,'Raw Task Responses'!$B$2:$B$201<>""))),ROW()-1),"") | B13: =IF($A13="","",AVERAGEIFS('Raw Task Responses'!$P:$P,'Raw Task Responses'!$B:$B,$A13,'Raw Task Responses'!$D:$D,"Baseline")) | C13: =IF($A13="","",AVERAGEIFS('Raw Task Responses'!$P:$P,'Raw Task Responses'!$B:$B,$A13,'Raw Task Responses'!$D:$D,"TraceGuide")) | D13: =IF($A13="","",C13-B13) | E13: =IF($A13="","",COUNTIFS('Raw Task Responses'!$B:$B,$A13,'Raw Task Responses'!$D:$D,"Baseline",'Raw Task Responses'!$P:$P,2)) | F13: =IF($A13="","",COUNTIFS('Raw Task Responses'!$B:$B,$A13,'Raw Task Responses'!$D:$D,"TraceGuide",'Raw Task Responses'!$P:$P,2)) | G13: =IF($A13="","",AVERAGEIFS('Raw Task Responses'!$R:$R,'Raw Task Responses'!$B:$B,$A13,'Raw Task Responses'!$D:$D,"Baseline")) | H13: =IF($A13="","",AVERAGEIFS('Raw Task Responses'!$R:$R,'Raw Task Responses'!$B:$B,$A13,'Raw Task Responses'!$D:$D,"TraceGuide")) | I13: =IF($A13="","",AVERAGEIFS('Post-test Raw'!$AB:$AB,'Post-test Raw'!$B:$B,$A13,'Post-test Raw'!$C:$C,"Baseline")) | J13: =IF($A13="","",AVERAGEIFS('Post-test Raw'!$AB:$AB,'Post-test Raw'!$B:$B,$A13,'Post-test Raw'!$C:$C,"TraceGuide")) | K13: =IF($A13="","",AVERAGEIFS('Post-test Raw'!$AC:$AC,'Post-test Raw'!$B:$B,$A13,'Post-test Raw'!$C:$C,"Baseline")) | L13: =IF($A13="","",AVERAGEIFS('Post-test Raw'!$AC:$AC,'Post-test Raw'!$B:$B,$A13,'Post-test Raw'!$C:$C,"TraceGuide")) | M13: =IF($A13="","",AVERAGEIFS('Post-test Raw'!$AD:$AD,'Post-test Raw'!$B:$B,$A13,'Post-test Raw'!$C:$C,"Baseline")) | N13: =IF($A13="","",AVERAGEIFS('Post-test Raw'!$AD:$AD,'Post-test Raw'!$B:$B,$A13,'Post-test Raw'!$C:$C,"TraceGuide")) | O13: =IF($A13="","",AVERAGEIFS('Post-test Raw'!$AE:$AE,'Post-test Raw'!$B:$B,$A13,'Post-test Raw'!$C:$C,"Baseline")) | P13: =IF($A13="","",AVERAGEIFS('Post-test Raw'!$AE:$AE,'Post-test Raw'!$B:$B,$A13,'Post-test Raw'!$C:$C,"TraceGuide"))
... A51: =IFERROR(INDEX(SORT(UNIQUE(FILTER('Raw Task Responses'!$B$2:$B$201,'Raw Task Responses'!$B$2:$B$201<>""))),ROW()-1),"") | B51: =IF($A51="","",AVERAGEIFS('Raw Task Responses'!$P:$P,'Raw Task Responses'!$B:$B,$A51,'Raw Task Responses'!$D:$D,"Baseline")) | C51: =IF($A51="","",AVERAGEIFS('Raw Task Responses'!$P:$P,'Raw Task Responses'!$B:$B,$A51,'Raw Task Responses'!$D:$D,"TraceGuide")) | D51: =IF($A51="","",C51-B51) | E51: =IF($A51="","",COUNTIFS('Raw Task Responses'!$B:$B,$A51,'Raw Task Responses'!$D:$D,"Baseline",'Raw Task Responses'!$P:$P,2)) | F51: =IF($A51="","",COUNTIFS('Raw Task Responses'!$B:$B,$A51,'Raw Task Responses'!$D:$D,"TraceGuide",'Raw Task Responses'!$P:$P,2)) | G51: =IF($A51="","",AVERAGEIFS('Raw Task Responses'!$R:$R,'Raw Task Responses'!$B:$B,$A51,'Raw Task Responses'!$D:$D,"Baseline")) | H51: =IF($A51="","",AVERAGEIFS('Raw Task Responses'!$R:$R,'Raw Task Responses'!$B:$B,$A51,'Raw Task Responses'!$D:$D,"TraceGuide")) | I51: =IF($A51="","",AVERAGEIFS('Post-test Raw'!$AB:$AB,'Post-test Raw'!$B:$B,$A51,'Post-test Raw'!$C:$C,"Baseline")) | J51: =IF($A51="","",AVERAGEIFS('Post-test Raw'!$AB:$AB,'Post-test Raw'!$B:$B,$A51,'Post-test Raw'!$C:$C,"TraceGuide")) | K51: =IF($A51="","",AVERAGEIFS('Post-test Raw'!$AC:$AC,'Post-test Raw'!$B:$B,$A51,'Post-test Raw'!$C:$C,"Baseline")) | L51: =IF($A51="","",AVERAGEIFS('Post-test Raw'!$AC:$AC,'Post-test Raw'!$B:$B,$A51,'Post-test Raw'!$C:$C,"TraceGuide")) | M51: =IF($A51="","",AVERAGEIFS('Post-test Raw'!$AD:$AD,'Post-test Raw'!$B:$B,$A51,'Post-test Raw'!$C:$C,"Baseline")) | N51: =IF($A51="","",AVERAGEIFS('Post-test Raw'!$AD:$AD,'Post-test Raw'!$B:$B,$A51,'Post-test Raw'!$C:$C,"TraceGuide")) | O51: =IF($A51="","",AVERAGEIFS('Post-test Raw'!$AE:$AE,'Post-test Raw'!$B:$B,$A51,'Post-test Raw'!$C:$C,"Baseline")) | P51: =IF($A51="","",AVERAGEIFS('Post-test Raw'!$AE:$AE,'Post-test Raw'!$B:$B,$A51,'Post-test Raw'!$C:$C,"TraceGuide"))

Sheet Condition Comparison
A1: Metric | B1: Baseline mean | C1: TraceGuide mean | D1: Difference / TraceGuide - Baseline
A2: Decision appropriateness | B2: =AVERAGE('Participant Summary'!B2:B51) | C2: =AVERAGE('Participant Summary'!C2:C51) | D2: =C2-B2
A3: Correct task count | B3: =AVERAGE('Participant Summary'!E2:E51) | C3: =AVERAGE('Participant Summary'!F2:F51) | D3: =C3-B3
A4: ASQ task satisfaction | B4: =AVERAGE('Participant Summary'!G2:G51) | C4: =AVERAGE('Participant Summary'!H2:H51) | D4: =C4-B4
A5: SUS usability | B5: =AVERAGE('Participant Summary'!I2:I51) | C5: =AVERAGE('Participant Summary'!J2:J51) | D5: =C5-B5
A6: Raw NASA-TLX workload | B6: =AVERAGE('Participant Summary'!K2:K51) | C6: =AVERAGE('Participant Summary'!L2:L51) | D6: =C6-B6
A7: Evidence understanding | B7: =AVERAGE('Participant Summary'!M2:M51) | C7: =AVERAGE('Participant Summary'!N2:N51) | D7: =C7-B7
A8: Perceived control | B8: =AVERAGE('Participant Summary'!O2:O51) | C8: =AVERAGE('Participant Summary'!P2:P51) | D8: =C8-B8
