Workbook

Sheet Study Links
A1: Item | B1: Link
A2: Task guide | B2: https://tracecare-agent.vercel.app/traceguide-task-guide
A3: Prototype A — Baseline | B3: https://tracecare-agent.vercel.app/traceguide-baseline
A4: Prototype B — TraceGuide | B4: https://tracecare-agent.vercel.app/traceguide-demo
A5: Pre-test form | B5: https://docs.google.com/forms/d/e/1FAIpQLScrneO36mqJVbtJZ9PlMn1DSuPzFt77rinRhVhUHIFh1CzRfQ/viewform
A6: Version Block Survey | B6: https://docs.google.com/forms/d/e/1FAIpQLSdgSdvrcQfdMyyU6cYt_zrGJrzSxT6iB8Nkx4nd075HlfywIA/viewform
A7: Final Comparison | B7: https://docs.google.com/forms/d/e/1FAIpQLSe8tekTmhJ7O6h7WzB2jHDnh90zjuQ-2RZ6d96yvvEMSxeqcw/viewform

Sheet Participant Groups
A1: Group | B1: Order | C1: First block | D1: Second block | E1: Participant codes
A2: G1 | B2: Baseline Set 1 → TraceGuide Set 2 | C2: A: S1-T1, S1-T2 | D2: B: S2-T1, S2-T2 | E2: P01, P03, P05, P07, P09, P11, P13, P15, P17, P19
A3: G2 | B3: TraceGuide Set 1 → Baseline Set 2 | C3: B: S1-T1, S1-T2 | D3: A: S2-T1, S2-T2 | E3: P02, P04, P06, P08, P10, P12, P14, P16, P18, P20

Sheet Task Scoring Key
A1: Task ID | B1: Score 2 next step | C1: Score 1 next step | D1: Score 0 next step
A2: S1-T1 Milk Cookies peanut allergy | B2: Follow AI advice and not eat / Ask human support if unsure | C2: Check more information first / I am not sure | D2: Still eat the product
A3: S1-T2 Glass Lunch Box arrived damaged | B3: Authorise the agent to prepare the request | C3: Check more information first / Ask human support / I am not sure | D3: Do not continue despite eligible damaged item
A4: S2-T1 Protein Bar peanut allergy | B4: Follow AI advice and not eat / Ask human support if unsure | C4: Check more information first / I am not sure | D4: Still eat the product
A5: S2-T2 Snack Package damaged, photo not added | B5: Add photo/evidence first / Ask human support | C5: Check more information first / I am not sure | D5: Authorise the agent to prepare the request without evidence

Sheet Block Survey Import
A1: Participant code | B1: Sequence group | C1: Condition | D1: Scenario set | E1: Task 1 ID | F1: Task 1 next step | G1: Task 1 score | H1: Task 1 ease | I1: Task 1 confidence | J1: Task 1 ASQ1 | K1: Task 1 ASQ2 | L1: Task 1 ASQ3 | M1: Task 1 ASQ mean | N1: Task 1 reason | O1: Task 2 ID | P1: Task 2 next step | Q1: Task 2 score | R1: Task 2 ease | S1: Task 2 confidence | T1: Task 2 ASQ1 | U1: Task 2 ASQ2 | V1: Task 2 ASQ3 | W1: Task 2 ASQ mean | X1: Task 2 reason | Y1: Decision mean | Z1: Decision correct count | AA1: Ease mean | AB1: Confidence mean | AC1: ASQ mean | AD1: SUS score | AE1: Raw NASA-TLX mean | AF1: Perceived decision support mean | AG1: TraceGuide item mean | AH1: Notes
M2: =IFERROR(AVERAGE(J2:L2),"") | W2: =IFERROR(AVERAGE(T2:V2),"") | Y2: =IFERROR(AVERAGE(G2,Q2),"") | Z2: =IFERROR(COUNTIF(G2:Q2,2),"") | AA2: =IFERROR(AVERAGE(H2,R2),"") | AB2: =IFERROR(AVERAGE(I2,S2),"") | AC2: =IFERROR(AVERAGE(M2,W2),"")
M3: =IFERROR(AVERAGE(J3:L3),"") | W3: =IFERROR(AVERAGE(T3:V3),"") | Y3: =IFERROR(AVERAGE(G3,Q3),"") | Z3: =IFERROR(COUNTIF(G3:Q3,2),"") | AA3: =IFERROR(AVERAGE(H3,R3),"") | AB3: =IFERROR(AVERAGE(I3,S3),"") | AC3: =IFERROR(AVERAGE(M3,W3),"")
M4: =IFERROR(AVERAGE(J4:L4),"") | W4: =IFERROR(AVERAGE(T4:V4),"") | Y4: =IFERROR(AVERAGE(G4,Q4),"") | Z4: =IFERROR(COUNTIF(G4:Q4,2),"") | AA4: =IFERROR(AVERAGE(H4,R4),"") | AB4: =IFERROR(AVERAGE(I4,S4),"") | AC4: =IFERROR(AVERAGE(M4,W4),"")
M5: =IFERROR(AVERAGE(J5:L5),"") | W5: =IFERROR(AVERAGE(T5:V5),"") | Y5: =IFERROR(AVERAGE(G5,Q5),"") | Z5: =IFERROR(COUNTIF(G5:Q5,2),"") | AA5: =IFERROR(AVERAGE(H5,R5),"") | AB5: =IFERROR(AVERAGE(I5,S5),"") | AC5: =IFERROR(AVERAGE(M5,W5),"")
M6: =IFERROR(AVERAGE(J6:L6),"") | W6: =IFERROR(AVERAGE(T6:V6),"") | Y6: =IFERROR(AVERAGE(G6,Q6),"") | Z6: =IFERROR(COUNTIF(G6:Q6,2),"") | AA6: =IFERROR(AVERAGE(H6,R6),"") | AB6: =IFERROR(AVERAGE(I6,S6),"") | AC6: =IFERROR(AVERAGE(M6,W6),"")
M7: =IFERROR(AVERAGE(J7:L7),"") | W7: =IFERROR(AVERAGE(T7:V7),"") | Y7: =IFERROR(AVERAGE(G7,Q7),"") | Z7: =IFERROR(COUNTIF(G7:Q7,2),"") | AA7: =IFERROR(AVERAGE(H7,R7),"") | AB7: =IFERROR(AVERAGE(I7,S7),"") | AC7: =IFERROR(AVERAGE(M7,W7),"")
M8: =IFERROR(AVERAGE(J8:L8),"") | W8: =IFERROR(AVERAGE(T8:V8),"") | Y8: =IFERROR(AVERAGE(G8,Q8),"") | Z8: =IFERROR(COUNTIF(G8:Q8,2),"") | AA8: =IFERROR(AVERAGE(H8,R8),"") | AB8: =IFERROR(AVERAGE(I8,S8),"") | AC8: =IFERROR(AVERAGE(M8,W8),"")
M9: =IFERROR(AVERAGE(J9:L9),"") | W9: =IFERROR(AVERAGE(T9:V9),"") | Y9: =IFERROR(AVERAGE(G9,Q9),"") | Z9: =IFERROR(COUNTIF(G9:Q9,2),"") | AA9: =IFERROR(AVERAGE(H9,R9),"") | AB9: =IFERROR(AVERAGE(I9,S9),"") | AC9: =IFERROR(AVERAGE(M9,W9),"")
M10: =IFERROR(AVERAGE(J10:L10),"") | W10: =IFERROR(AVERAGE(T10:V10),"") | Y10: =IFERROR(AVERAGE(G10,Q10),"") | Z10: =IFERROR(COUNTIF(G10:Q10,2),"") | AA10: =IFERROR(AVERAGE(H10,R10),"") | AB10: =IFERROR(AVERAGE(I10,S10),"") | AC10: =IFERROR(AVERAGE(M10,W10),"")
M11: =IFERROR(AVERAGE(J11:L11),"") | W11: =IFERROR(AVERAGE(T11:V11),"") | Y11: =IFERROR(AVERAGE(G11,Q11),"") | Z11: =IFERROR(COUNTIF(G11:Q11,2),"") | AA11: =IFERROR(AVERAGE(H11,R11),"") | AB11: =IFERROR(AVERAGE(I11,S11),"") | AC11: =IFERROR(AVERAGE(M11,W11),"")
M12: =IFERROR(AVERAGE(J12:L12),"") | W12: =IFERROR(AVERAGE(T12:V12),"") | Y12: =IFERROR(AVERAGE(G12,Q12),"") | Z12: =IFERROR(COUNTIF(G12:Q12,2),"") | AA12: =IFERROR(AVERAGE(H12,R12),"") | AB12: =IFERROR(AVERAGE(I12,S12),"") | AC12: =IFERROR(AVERAGE(M12,W12),"")
M13: =IFERROR(AVERAGE(J13:L13),"") | W13: =IFERROR(AVERAGE(T13:V13),"") | Y13: =IFERROR(AVERAGE(G13,Q13),"") | Z13: =IFERROR(COUNTIF(G13:Q13,2),"") | AA13: =IFERROR(AVERAGE(H13,R13),"") | AB13: =IFERROR(AVERAGE(I13,S13),"") | AC13: =IFERROR(AVERAGE(M13,W13),"")
... M41: =IFERROR(AVERAGE(J41:L41),"") | W41: =IFERROR(AVERAGE(T41:V41),"") | Y41: =IFERROR(AVERAGE(G41,Q41),"") | Z41: =IFERROR(COUNTIF(G41:Q41,2),"") | AA41: =IFERROR(AVERAGE(H41,R41),"") | AB41: =IFERROR(AVERAGE(I41,S41),"") | AC41: =IFERROR(AVERAGE(M41,W41),"")

Sheet Participant Summary
A1: Participant code | B1: Baseline decision mean | C1: TraceGuide decision mean | D1: Difference B-A | E1: Baseline ease | F1: TraceGuide ease | G1: Baseline confidence | H1: TraceGuide confidence | I1: Baseline SUS | J1: TraceGuide SUS | K1: Baseline NASA | L1: TraceGuide NASA | M1: Preferred version
A2: P01 | B2: =IFERROR(AVERAGEIFS('Block Survey Import'!Y:Y,'Block Survey Import'!A:A,A2,'Block Survey Import'!C:C,"A — Baseline AI customer service"),"") | C2: =IFERROR(AVERAGEIFS('Block Survey Import'!Y:Y,'Block Survey Import'!A:A,A2,'Block Survey Import'!C:C,"B — TraceGuide Agent"),"") | D2: =IFERROR(C2-B2,"") | E2: =IFERROR(AVERAGEIFS('Block Survey Import'!AA:AA,'Block Survey Import'!A:A,A2,'Block Survey Import'!C:C,"A — Baseline AI customer service"),"") | F2: =IFERROR(AVERAGEIFS('Block Survey Import'!AA:AA,'Block Survey Import'!A:A,A2,'Block Survey Import'!C:C,"B — TraceGuide Agent"),"") | G2: =IFERROR(AVERAGEIFS('Block Survey Import'!AB:AB,'Block Survey Import'!A:A,A2,'Block Survey Import'!C:C,"A — Baseline AI customer service"),"") | H2: =IFERROR(AVERAGEIFS('Block Survey Import'!AB:AB,'Block Survey Import'!A:A,A2,'Block Survey Import'!C:C,"B — TraceGuide Agent"),"")
A3: P02 | B3: =IFERROR(AVERAGEIFS('Block Survey Import'!Y:Y,'Block Survey Import'!A:A,A3,'Block Survey Import'!C:C,"A — Baseline AI customer service"),"") | C3: =IFERROR(AVERAGEIFS('Block Survey Import'!Y:Y,'Block Survey Import'!A:A,A3,'Block Survey Import'!C:C,"B — TraceGuide Agent"),"") | D3: =IFERROR(C3-B3,"") | E3: =IFERROR(AVERAGEIFS('Block Survey Import'!AA:AA,'Block Survey Import'!A:A,A3,'Block Survey Import'!C:C,"A — Baseline AI customer service"),"") | F3: =IFERROR(AVERAGEIFS('Block Survey Import'!AA:AA,'Block Survey Import'!A:A,A3,'Block Survey Import'!C:C,"B — TraceGuide Agent"),"") | G3: =IFERROR(AVERAGEIFS('Block Survey Import'!AB:AB,'Block Survey Import'!A:A,A3,'Block Survey Import'!C:C,"A — Baseline AI customer service"),"") | H3: =IFERROR(AVERAGEIFS('Block Survey Import'!AB:AB,'Block Survey Import'!A:A,A3,'Block Survey Import'!C:C,"B — TraceGuide Agent"),"")
A4: P03 | B4: =IFERROR(AVERAGEIFS('Block Survey Import'!Y:Y,'Block Survey Import'!A:A,A4,'Block Survey Import'!C:C,"A — Baseline AI customer service"),"") | C4: =IFERROR(AVERAGEIFS('Block Survey Import'!Y:Y,'Block Survey Import'!A:A,A4,'Block Survey Import'!C:C,"B — TraceGuide Agent"),"") | D4: =IFERROR(C4-B4,"") | E4: =IFERROR(AVERAGEIFS('Block Survey Import'!AA:AA,'Block Survey Import'!A:A,A4,'Block Survey Import'!C:C,"A — Baseline AI customer service"),"") | F4: =IFERROR(AVERAGEIFS('Block Survey Import'!AA:AA,'Block Survey Import'!A:A,A4,'Block Survey Import'!C:C,"B — TraceGuide Agent"),"") | G4: =IFERROR(AVERAGEIFS('Block Survey Import'!AB:AB,'Block Survey Import'!A:A,A4,'Block Survey Import'!C:C,"A — Baseline AI customer service"),"") | H4: =IFERROR(AVERAGEIFS('Block Survey Import'!AB:AB,'Block Survey Import'!A:A,A4,'Block Survey Import'!C:C,"B — TraceGuide Agent"),"")
A5: P04 | B5: =IFERROR(AVERAGEIFS('Block Survey Import'!Y:Y,'Block Survey Import'!A:A,A5,'Block Survey Import'!C:C,"A — Baseline AI customer service"),"") | C5: =IFERROR(AVERAGEIFS('Block Survey Import'!Y:Y,'Block Survey Import'!A:A,A5,'Block Survey Import'!C:C,"B — TraceGuide Agent"),"") | D5: =IFERROR(C5-B5,"") | E5: =IFERROR(AVERAGEIFS('Block Survey Import'!AA:AA,'Block Survey Import'!A:A,A5,'Block Survey Import'!C:C,"A — Baseline AI customer service"),"") | F5: =IFERROR(AVERAGEIFS('Block Survey Import'!AA:AA,'Block Survey Import'!A:A,A5,'Block Survey Import'!C:C,"B — TraceGuide Agent"),"") | G5: =IFERROR(AVERAGEIFS('Block Survey Import'!AB:AB,'Block Survey Import'!A:A,A5,'Block Survey Import'!C:C,"A — Baseline AI customer service"),"") | H5: =IFERROR(AVERAGEIFS('Block Survey Import'!AB:AB,'Block Survey Import'!A:A,A5,'Block Survey Import'!C:C,"B — TraceGuide Agent"),"")
A6: P05 | B6: =IFERROR(AVERAGEIFS('Block Survey Import'!Y:Y,'Block Survey Import'!A:A,A6,'Block Survey Import'!C:C,"A — Baseline AI customer service"),"") | C6: =IFERROR(AVERAGEIFS('Block Survey Import'!Y:Y,'Block Survey Import'!A:A,A6,'Block Survey Import'!C:C,"B — TraceGuide Agent"),"") | D6: =IFERROR(C6-B6,"") | E6: =IFERROR(AVERAGEIFS('Block Survey Import'!AA:AA,'Block Survey Import'!A:A,A6,'Block Survey Import'!C:C,"A — Baseline AI customer service"),"") | F6: =IFERROR(AVERAGEIFS('Block Survey Import'!AA:AA,'Block Survey Import'!A:A,A6,'Block Survey Import'!C:C,"B — TraceGuide Agent"),"") | G6: =IFERROR(AVERAGEIFS('Block Survey Import'!AB:AB,'Block Survey Import'!A:A,A6,'Block Survey Import'!C:C,"A — Baseline AI customer service"),"") | H6: =IFERROR(AVERAGEIFS('Block Survey Import'!AB:AB,'Block Survey Import'!A:A,A6,'Block Survey Import'!C:C,"B — TraceGuide Agent"),"")
A7: P06 | B7: =IFERROR(AVERAGEIFS('Block Survey Import'!Y:Y,'Block Survey Import'!A:A,A7,'Block Survey Import'!C:C,"A — Baseline AI customer service"),"") | C7: =IFERROR(AVERAGEIFS('Block Survey Import'!Y:Y,'Block Survey Import'!A:A,A7,'Block Survey Import'!C:C,"B — TraceGuide Agent"),"") | D7: =IFERROR(C7-B7,"") | E7: =IFERROR(AVERAGEIFS('Block Survey Import'!AA:AA,'Block Survey Import'!A:A,A7,'Block Survey Import'!C:C,"A — Baseline AI customer service"),"") | F7: =IFERROR(AVERAGEIFS('Block Survey Import'!AA:AA,'Block Survey Import'!A:A,A7,'Block Survey Import'!C:C,"B — TraceGuide Agent"),"") | G7: =IFERROR(AVERAGEIFS('Block Survey Import'!AB:AB,'Block Survey Import'!A:A,A7,'Block Survey Import'!C:C,"A — Baseline AI customer service"),"") | H7: =IFERROR(AVERAGEIFS('Block Survey Import'!AB:AB,'Block Survey Import'!A:A,A7,'Block Survey Import'!C:C,"B — TraceGuide Agent"),"")
A8: P07 | B8: =IFERROR(AVERAGEIFS('Block Survey Import'!Y:Y,'Block Survey Import'!A:A,A8,'Block Survey Import'!C:C,"A — Baseline AI customer service"),"") | C8: =IFERROR(AVERAGEIFS('Block Survey Import'!Y:Y,'Block Survey Import'!A:A,A8,'Block Survey Import'!C:C,"B — TraceGuide Agent"),"") | D8: =IFERROR(C8-B8,"") | E8: =IFERROR(AVERAGEIFS('Block Survey Import'!AA:AA,'Block Survey Import'!A:A,A8,'Block Survey Import'!C:C,"A — Baseline AI customer service"),"") | F8: =IFERROR(AVERAGEIFS('Block Survey Import'!AA:AA,'Block Survey Import'!A:A,A8,'Block Survey Import'!C:C,"B — TraceGuide Agent"),"") | G8: =IFERROR(AVERAGEIFS('Block Survey Import'!AB:AB,'Block Survey Import'!A:A,A8,'Block Survey Import'!C:C,"A — Baseline AI customer service"),"") | H8: =IFERROR(AVERAGEIFS('Block Survey Import'!AB:AB,'Block Survey Import'!A:A,A8,'Block Survey Import'!C:C,"B — TraceGuide Agent"),"")
A9: P08 | B9: =IFERROR(AVERAGEIFS('Block Survey Import'!Y:Y,'Block Survey Import'!A:A,A9,'Block Survey Import'!C:C,"A — Baseline AI customer service"),"") | C9: =IFERROR(AVERAGEIFS('Block Survey Import'!Y:Y,'Block Survey Import'!A:A,A9,'Block Survey Import'!C:C,"B — TraceGuide Agent"),"") | D9: =IFERROR(C9-B9,"") | E9: =IFERROR(AVERAGEIFS('Block Survey Import'!AA:AA,'Block Survey Import'!A:A,A9,'Block Survey Import'!C:C,"A — Baseline AI customer service"),"") | F9: =IFERROR(AVERAGEIFS('Block Survey Import'!AA:AA,'Block Survey Import'!A:A,A9,'Block Survey Import'!C:C,"B — TraceGuide Agent"),"") | G9: =IFERROR(AVERAGEIFS('Block Survey Import'!AB:AB,'Block Survey Import'!A:A,A9,'Block Survey Import'!C:C,"A — Baseline AI customer service"),"") | H9: =IFERROR(AVERAGEIFS('Block Survey Import'!AB:AB,'Block Survey Import'!A:A,A9,'Block Survey Import'!C:C,"B — TraceGuide Agent"),"")
A10: P09 | B10: =IFERROR(AVERAGEIFS('Block Survey Import'!Y:Y,'Block Survey Import'!A:A,A10,'Block Survey Import'!C:C,"A — Baseline AI customer service"),"") | C10: =IFERROR(AVERAGEIFS('Block Survey Import'!Y:Y,'Block Survey Import'!A:A,A10,'Block Survey Import'!C:C,"B — TraceGuide Agent"),"") | D10: =IFERROR(C10-B10,"") | E10: =IFERROR(AVERAGEIFS('Block Survey Import'!AA:AA,'Block Survey Import'!A:A,A10,'Block Survey Import'!C:C,"A — Baseline AI customer service"),"") | F10: =IFERROR(AVERAGEIFS('Block Survey Import'!AA:AA,'Block Survey Import'!A:A,A10,'Block Survey Import'!C:C,"B — TraceGuide Agent"),"") | G10: =IFERROR(AVERAGEIFS('Block Survey Import'!AB:AB,'Block Survey Import'!A:A,A10,'Block Survey Import'!C:C,"A — Baseline AI customer service"),"") | H10: =IFERROR(AVERAGEIFS('Block Survey Import'!AB:AB,'Block Survey Import'!A:A,A10,'Block Survey Import'!C:C,"B — TraceGuide Agent"),"")
A11: P10 | B11: =IFERROR(AVERAGEIFS('Block Survey Import'!Y:Y,'Block Survey Import'!A:A,A11,'Block Survey Import'!C:C,"A — Baseline AI customer service"),"") | C11: =IFERROR(AVERAGEIFS('Block Survey Import'!Y:Y,'Block Survey Import'!A:A,A11,'Block Survey Import'!C:C,"B — TraceGuide Agent"),"") | D11: =IFERROR(C11-B11,"") | E11: =IFERROR(AVERAGEIFS('Block Survey Import'!AA:AA,'Block Survey Import'!A:A,A11,'Block Survey Import'!C:C,"A — Baseline AI customer service"),"") | F11: =IFERROR(AVERAGEIFS('Block Survey Import'!AA:AA,'Block Survey Import'!A:A,A11,'Block Survey Import'!C:C,"B — TraceGuide Agent"),"") | G11: =IFERROR(AVERAGEIFS('Block Survey Import'!AB:AB,'Block Survey Import'!A:A,A11,'Block Survey Import'!C:C,"A — Baseline AI customer service"),"") | H11: =IFERROR(AVERAGEIFS('Block Survey Import'!AB:AB,'Block Survey Import'!A:A,A11,'Block Survey Import'!C:C,"B — TraceGuide Agent"),"")
A12: P11 | B12: =IFERROR(AVERAGEIFS('Block Survey Import'!Y:Y,'Block Survey Import'!A:A,A12,'Block Survey Import'!C:C,"A — Baseline AI customer service"),"") | C12: =IFERROR(AVERAGEIFS('Block Survey Import'!Y:Y,'Block Survey Import'!A:A,A12,'Block Survey Import'!C:C,"B — TraceGuide Agent"),"") | D12: =IFERROR(C12-B12,"") | E12: =IFERROR(AVERAGEIFS('Block Survey Import'!AA:AA,'Block Survey Import'!A:A,A12,'Block Survey Import'!C:C,"A — Baseline AI customer service"),"") | F12: =IFERROR(AVERAGEIFS('Block Survey Import'!AA:AA,'Block Survey Import'!A:A,A12,'Block Survey Import'!C:C,"B — TraceGuide Agent"),"") | G12: =IFERROR(AVERAGEIFS('Block Survey Import'!AB:AB,'Block Survey Import'!A:A,A12,'Block Survey Import'!C:C,"A — Baseline AI customer service"),"") | H12: =IFERROR(AVERAGEIFS('Block Survey Import'!AB:AB,'Block Survey Import'!A:A,A12,'Block Survey Import'!C:C,"B — TraceGuide Agent"),"")
A13: P12 | B13: =IFERROR(AVERAGEIFS('Block Survey Import'!Y:Y,'Block Survey Import'!A:A,A13,'Block Survey Import'!C:C,"A — Baseline AI customer service"),"") | C13: =IFERROR(AVERAGEIFS('Block Survey Import'!Y:Y,'Block Survey Import'!A:A,A13,'Block Survey Import'!C:C,"B — TraceGuide Agent"),"") | D13: =IFERROR(C13-B13,"") | E13: =IFERROR(AVERAGEIFS('Block Survey Import'!AA:AA,'Block Survey Import'!A:A,A13,'Block Survey Import'!C:C,"A — Baseline AI customer service"),"") | F13: =IFERROR(AVERAGEIFS('Block Survey Import'!AA:AA,'Block Survey Import'!A:A,A13,'Block Survey Import'!C:C,"B — TraceGuide Agent"),"") | G13: =IFERROR(AVERAGEIFS('Block Survey Import'!AB:AB,'Block Survey Import'!A:A,A13,'Block Survey Import'!C:C,"A — Baseline AI customer service"),"") | H13: =IFERROR(AVERAGEIFS('Block Survey Import'!AB:AB,'Block Survey Import'!A:A,A13,'Block Survey Import'!C:C,"B — TraceGuide Agent"),"")
... A21: P20 | B21: =IFERROR(AVERAGEIFS('Block Survey Import'!Y:Y,'Block Survey Import'!A:A,A21,'Block Survey Import'!C:C,"A — Baseline AI customer service"),"") | C21: =IFERROR(AVERAGEIFS('Block Survey Import'!Y:Y,'Block Survey Import'!A:A,A21,'Block Survey Import'!C:C,"B — TraceGuide Agent"),"") | D21: =IFERROR(C21-B21,"") | E21: =IFERROR(AVERAGEIFS('Block Survey Import'!AA:AA,'Block Survey Import'!A:A,A21,'Block Survey Import'!C:C,"A — Baseline AI customer service"),"") | F21: =IFERROR(AVERAGEIFS('Block Survey Import'!AA:AA,'Block Survey Import'!A:A,A21,'Block Survey Import'!C:C,"B — TraceGuide Agent"),"") | G21: =IFERROR(AVERAGEIFS('Block Survey Import'!AB:AB,'Block Survey Import'!A:A,A21,'Block Survey Import'!C:C,"A — Baseline AI customer service"),"") | H21: =IFERROR(AVERAGEIFS('Block Survey Import'!AB:AB,'Block Survey Import'!A:A,A21,'Block Survey Import'!C:C,"B — TraceGuide Agent"),"")

Sheet How to Use
A1: Step | B1: Instruction
A2: 1 | B2: Send the participant the task guide link and assign G1 or G2.
A3: 2 | B3: Participant completes Pre-test once.
A4: 3 | B4: Participant completes the first prototype version with two tasks.
A5: 4 | B5: Participant completes Version Block Survey once for that version.
A6: 5 | B6: Participant completes the second prototype version with two tasks.
A7: 6 | B7: Participant completes Version Block Survey once for that version.
A8: 7 | B8: Participant completes Final Comparison once.
A9: 8 | B9: Export or copy Google Forms responses into Block Survey Import. Add Task 1 score and Task 2 score using the scoring key.
